City,Cloudiness,Country,Date,Humidity,Lat,Lng,Max Temp,Wind Speed
sabang,98,PH,1566749465,89,13.8,121.11,79.0,5.01
mataura,100,NZ,1566749465,97,-46.19,168.86,44.01,1.01
balagunan,90,PH,1566749465,88,7.49,125.52,78.8,3.53
punta arenas,0,CL,1566749466,70,-53.16,-70.91,48.0,13.87
vaini,40,IN,1566749466,88,15.34,74.49,71.6,4.7
saldanha,100,PT,1566749466,28,41.42,-6.55,87.35,2.15
anloga,20,GH,1566749466,78,5.79,0.9,82.4,16.11
jamestown,40,AU,1566749467,88,-33.21,138.6,38.21,2.71
alekseyevka,0,RU,1566749467,52,53.25,50.49,66.2,15.66
qaanaaq,100,GL,1566749467,85,77.48,-69.36,34.79,11.03
iqaluit,75,CA,1566749468,61,63.75,-68.52,50.0,11.41
chuy,100,UY,1566749471,82,-33.69,-53.46,56.93,16.06
lazarev,100,RU,1566749471,87,52.23,141.51,54.41,5.77
ushuaia,0,AR,1566749364,56,-54.81,-68.31,42.8,2.53
thompson,90,CA,1566749472,100,55.74,-97.86,59.0,5.82
atuona,0,PF,1566749472,71,-9.8,-139.03,78.35,16.24
vao,71,EE,1566749472,63,59.1,26.19,65.57,2.62
beaufort,75,MY,1566749473,83,5.36,115.76,80.6,2.53
rikitea,27,PF,1566749474,63,-23.12,-134.97,69.53,13.02
nikolskoye,20,RU,1566749474,59,59.7,30.79,68.0,8.95
torbay,40,CA,1566749177,51,47.66,-52.73,64.99,5.82
beyneu,19,KZ,1566749474,18,45.32,55.19,86.27,1.92
kapaa,90,US,1566749475,74,22.08,-159.32,82.4,14.99
hermanus,100,ZA,1566749475,98,-34.42,19.24,55.99,1.99
hobart,20,AU,1566749234,75,-42.88,147.33,46.0,8.05
oneonta,66,US,1566749475,63,42.45,-75.06,71.01,5.01
thinadhoo,100,MV,1566749475,71,0.53,72.93,83.21,9.4
busselton,0,AU,1566749476,50,-33.64,115.35,48.99,16.31
igrim,99,RU,1566749476,83,63.19,64.42,49.73,4.5
san carlos de bariloche,75,AR,1566749405,75,-41.13,-71.31,41.0,1.79
saskylakh,85,RU,1566749476,92,71.97,114.09,47.21,1.81
san jose,1,HN,1566749027,69,14.25,-87.96,82.4,9.17
zhigansk,98,RU,1566749477,77,66.77,123.37,51.53,3.04
paris,0,FR,1566748855,29,48.86,2.35,93.0,5.82
tiksi,73,RU,1566749477,94,71.64,128.87,43.79,2.28
uruzgan,0,AF,1566749477,22,32.93,66.63,57.47,4.16
komsomolskiy,100,RU,1566749478,62,67.55,63.78,46.31,4.47
salym,100,RU,1566749478,88,60.06,71.48,55.13,4.68
burnie,14,AU,1566749478,82,-41.05,145.91,42.01,1.99
port alfred,32,ZA,1566749478,83,-33.59,26.89,64.99,7.0
fairbanks,1,US,1566749407,93,64.84,-147.72,43.0,2.08
eureka,90,US,1566749330,93,40.8,-124.16,57.99,9.42
buraydah,20,SA,1566749479,15,26.33,43.97,105.8,16.11
tasiilaq,100,GL,1566749479,75,65.61,-37.64,46.4,11.41
carnarvon,0,ZA,1566749479,8,-30.97,22.13,70.79,17.0
grindavik,90,IS,1566749480,93,63.84,-22.43,51.8,34.45
albany,75,US,1566749479,53,42.65,-73.75,75.0,10.29
kuryk,100,KZ,1566749480,24,43.18,51.68,83.39,12.3
natalio,0,PY,1566749480,41,-26.76,-55.14,77.63,7.43
aswan,0,EG,1566749481,9,24.09,32.9,105.8,8.05
gryazovets,71,RU,1566749481,74,58.88,40.25,59.63,5.48
barrow,100,AR,1566749481,76,-38.31,-60.23,58.55,10.65
vagur,100,FO,1566749481,90,61.47,-6.81,51.53,13.56
severo-kurilsk,100,RU,1566749482,88,50.68,156.12,50.63,40.42
port lincoln,67,AU,1566749482,60,-34.72,135.86,53.87,6.64
cherskiy,100,RU,1566749482,62,68.75,161.3,58.19,3.78
yellowknife,75,CA,1566749374,81,62.45,-114.38,53.6,6.93
provideniya,6,RU,1566749483,94,64.42,-173.23,45.95,1.59
peleduy,2,RU,1566749483,77,59.63,112.75,53.69,12.26
naryan-mar,100,RU,1566749483,84,67.67,53.09,42.17,10.4
bredasdorp,38,ZA,1566749483,77,-34.53,20.04,62.6,11.41
tuktoyaktuk,90,CA,1566749484,87,69.44,-133.03,46.4,12.75
puerto ayora,20,EC,1566749484,69,-0.74,-90.35,77.0,16.11
port hardy,75,CA,1566749484,100,50.7,-127.42,53.6,4.7
dingle,42,PH,1566749484,88,11.0,122.67,74.75,2.1
troitsko-pechorsk,100,RU,1566749485,68,62.71,56.19,49.91,10.98
codrington,37,AU,1566749485,93,-28.95,153.24,59.0,3.56
salalah,20,OM,1566749485,88,17.01,54.1,80.6,5.82
prince george,1,CA,1566749263,66,53.92,-122.75,55.99,12.75
coos bay,40,US,1566749278,93,43.37,-124.22,59.0,3.36
rio de janeiro,75,BR,1566749486,78,-22.91,-43.21,71.6,11.41
bol,99,TD,1566749486,60,13.47,14.72,82.67,5.03
jacareacanga,57,BR,1566749486,32,-6.22,-57.76,95.27,5.35
norman wells,75,CA,1566749486,100,65.28,-126.83,41.0,2.24
homer,1,US,1566749487,87,59.64,-151.54,54.0,4.7
los llanos de aridane,0,ES,1566749487,61,28.66,-17.92,82.4,13.87
hasaki,75,JP,1566749487,88,35.73,140.83,72.0,6.93
rorvik,75,NO,1566749487,82,64.86,11.24,60.8,20.8
wajid,36,SO,1566749488,45,3.81,43.25,86.27,17.92
hilo,90,US,1566749488,83,19.71,-155.08,75.2,6.93
port-gentil,90,GA,1566749330,78,-0.72,8.78,78.8,11.41
demidov,0,RU,1566749488,64,55.27,31.52,67.37,3.53
luderitz,0,NA,1566749489,11,-26.65,15.16,87.8,18.34
caravelas,4,BR,1566749489,69,-17.73,-39.27,75.65,8.9
marshall,90,US,1566749489,82,39.12,-93.2,71.01,8.05
naze,94,NG,1566749490,88,5.43,7.07,75.83,6.76
chukhloma,42,RU,1566749490,73,58.76,42.68,57.83,6.78
kishi,100,NG,1566749490,81,9.08,3.85,77.45,6.4
jalpa,75,MX,1566749490,88,21.63,-102.98,64.4,4.7
dikson,100,RU,1566749491,97,73.51,80.55,40.73,8.43
faya,75,SA,1566749491,49,18.39,42.45,71.6,12.75
leningradskiy,96,RU,1566749491,86,69.38,178.42,41.99,7.36
hithadhoo,100,MV,1566749491,69,-0.6,73.08,83.39,7.74
talcahuano,0,CL,1566749492,81,-36.72,-73.12,53.6,5.5
damietta,0,EG,1566749492,74,31.42,31.81,86.0,9.17
shenjiamen,100,CN,1566749492,87,29.96,122.3,83.03,21.03
aulnoye-aymeries,0,FR,1566749492,35,50.2,3.84,93.0,2.24
saint-pierre,0,FR,1566749493,29,48.95,4.24,91.4,4.7
harrisonburg,75,US,1566749493,53,38.45,-78.87,75.2,4.7
kokorevka,40,RU,1566749493,46,52.59,34.27,69.8,8.95
ahuimanu,90,US,1566749493,74,21.44,-157.84,82.4,10.29
airai,48,TL,1566749494,80,-8.93,125.41,65.75,4.65
truth or consequences,1,US,1566749494,30,33.13,-107.25,87.01,7.27
pimentel,10,BR,1566749494,65,-3.7,-45.5,84.83,6.64
mossendjo,100,CG,1566749494,68,-2.95,12.72,77.81,2.24
cape town,90,ZA,1566749367,93,-33.93,18.42,61.0,4.7
san patricio,0,PY,1566749498,52,-26.98,-56.83,76.37,8.08
beloha,0,MG,1566749498,63,-25.17,45.06,71.51,13.98
rincon,20,PA,1566749498,74,8.46,-82.28,84.2,2.24
hofn,90,IS,1566749498,93,64.25,-15.21,51.8,12.75
shingu,74,JP,1566749499,93,33.72,135.99,63.95,3.91
flin flon,90,CA,1566749499,88,54.77,-101.88,62.6,10.29
maumere,97,ID,1566749499,80,-8.63,122.22,70.43,6.13
longyearbyen,75,NO,1566749499,75,78.22,15.63,42.8,4.7
plettenberg bay,6,ZA,1566749206,75,-34.05,23.37,61.97,8.84
tasquillo,36,MX,1566749500,68,20.55,-99.31,67.55,4.5
adelaide,20,AU,1566749500,93,-34.93,138.6,43.0,1.12
southbridge,75,US,1566749301,56,42.08,-72.03,72.0,9.17
kahta,0,TR,1566749500,21,37.78,38.62,95.0,6.93
ilulissat,20,GL,1566749501,55,69.22,-51.1,39.2,5.82
mednogorsk,49,RU,1566749502,59,51.41,57.59,71.33,9.4
bluff,4,AU,1566749504,85,-23.58,149.07,57.47,3.49
vila velha,0,BR,1566749504,55,-3.71,-38.6,86.0,24.16
gizo,0,IL,1566749504,58,31.8,34.94,87.01,10.29
tazovskiy,100,RU,1566749504,94,67.47,78.7,44.51,19.62
upernavik,100,GL,1566749505,71,72.79,-56.15,43.43,3.53
jiujiang,29,CN,1566749505,76,29.73,115.99,82.49,9.84
sitka,0,US,1566749505,82,37.17,-99.65,69.01,21.0
castro,75,CL,1566749505,100,-42.48,-73.76,48.2,9.17
saint-philippe,1,CA,1566749506,56,45.36,-73.48,73.99,6.04
chippewa falls,1,US,1566749110,68,44.94,-91.39,69.01,10.29
isangel,90,VU,1566749506,88,-19.55,169.27,66.2,2.24
hambantota,90,LK,1566749506,94,6.12,81.12,80.6,10.29
port elizabeth,75,US,1566749506,56,39.31,-74.98,75.99,16.11
lalibela,0,ET,1566749507,77,12.04,39.05,66.29,3.36
guerrero negro,93,MX,1566749507,81,27.97,-114.04,74.39,10.07
chokurdakh,72,RU,1566749507,93,70.62,147.9,46.49,8.5
borogontsy,0,RU,1566749507,86,62.67,131.17,50.45,2.28
taunggyi,1,MM,1566749508,94,20.78,97.03,68.45,3.51
narsaq,0,GL,1566749508,30,60.91,-46.05,55.4,9.17
san cristobal,9,HN,1566749508,56,14.68,-86.92,77.63,6.78
weyburn,47,CA,1566749508,76,49.67,-103.85,65.03,10.11
souillac,0,FR,1566749509,43,45.6,-0.6,89.01,4.7
sabaudia,40,IT,1566749509,58,41.3,13.03,88.0,3.36
khatanga,10,RU,1566749509,90,71.98,102.47,51.53,6.15
mahebourg,75,MU,1566749509,94,-20.41,57.7,69.8,12.75
jalu,0,LY,1566749510,13,29.03,21.55,102.11,8.66
mehamn,75,NO,1566749510,76,71.03,27.85,50.0,9.17
lebu,40,ET,1566749510,64,8.96,38.73,68.0,6.93
east london,20,ZA,1566749279,82,-33.02,27.91,64.4,11.41
yerofey pavlovich,19,RU,1566749511,80,53.97,121.97,53.87,2.48
oistins,40,BB,1566749511,66,13.07,-59.53,87.8,17.22
santa maria,0,BR,1566749511,37,-16.02,-48.01,84.0,9.17
katsuura,75,JP,1566749511,73,33.93,134.5,77.0,5.82
bethel,90,US,1566749512,100,60.79,-161.76,46.4,6.93
port hedland,0,AU,1566749513,100,-20.31,118.58,59.0,6.93
bennettsville,90,US,1566749513,83,34.62,-79.68,73.99,12.75
cabo san lucas,40,MX,1566749494,69,22.89,-109.91,89.01,3.74
katobu,69,ID,1566749513,79,-4.94,122.53,71.51,6.91
lichinga,20,MZ,1566749514,47,-13.3,35.25,75.2,12.75
avarua,0,CK,1566749514,88,-21.21,-159.78,77.0,8.05
new norfolk,20,AU,1566749515,75,-42.78,147.06,46.0,8.05
kirundo,75,BI,1566749225,68,-2.59,30.09,69.8,4.7
groningen,72,NL,1566749515,33,53.22,6.57,89.01,4.7
cave spring,75,US,1566749515,68,37.23,-80.01,73.99,6.93
hobyo,18,SO,1566749516,62,5.35,48.53,81.41,28.95
nantucket,75,US,1566749516,73,41.28,-70.1,70.0,23.04
mogzon,0,RU,1566749516,96,51.74,111.97,46.31,4.88
cravo norte,56,CO,1566749516,67,6.3,-70.2,86.27,1.92
inta,100,RU,1566749517,75,66.04,60.13,47.93,10.22
lavrentiya,0,RU,1566749517,87,65.58,-170.99,43.97,3.31
kahului,20,US,1566749300,74,20.89,-156.47,78.8,13.87
huarmey,100,PE,1566749517,88,-10.07,-78.15,59.45,5.99
biak,59,ID,1566749517,88,-0.91,122.88,58.91,3.27
kruisfontein,0,ZA,1566749518,75,-34.0,24.73,61.61,22.32
necochea,100,AR,1566749232,66,-38.55,-58.74,64.0,10.0
balkanabat,0,TM,1566749518,12,39.51,54.36,92.21,5.12
viedma,100,AR,1566749518,42,-40.81,-62.99,61.61,6.24
kavieng,99,PG,1566749518,76,-2.57,150.8,83.39,13.47
kampene,63,CD,1566749519,32,-3.59,26.67,88.43,3.31
ancud,75,CL,1566749519,100,-41.87,-73.83,48.2,9.17
huesca,20,ES,1566749519,33,42.14,-0.41,89.01,5.82
arraial do cabo,75,BR,1566749344,64,-22.97,-42.02,71.6,13.87
zhaotong,0,CN,1566749520,94,27.34,103.71,60.35,2.44
najran,40,SA,1566749280,15,17.54,44.22,95.0,6.93
clyde river,82,CA,1566749520,70,70.47,-68.59,44.33,7.2
hualmay,100,PE,1566749520,88,-11.1,-77.61,59.09,8.3
panzhihua,0,CN,1566749520,71,26.59,101.72,69.71,1.77
benito juarez,40,CU,1566749521,66,22.29,-79.63,87.8,3.36
ponta do sol,0,BR,1566749521,48,-20.63,-46.0,72.95,9.08
gimli,100,CA,1566749521,82,50.63,-96.99,64.0,5.01
laibin,100,CN,1566749521,68,23.74,109.23,83.21,4.65
ayr,13,AU,1566749275,86,-19.58,147.4,57.99,2.15
koksovyy,56,RU,1566749522,39,48.2,40.6,83.21,12.15
nioro,99,GM,1566749522,63,13.79,-15.05,87.17,9.19
saint-louis,75,SN,1566749522,66,16.03,-16.5,87.8,9.17
zhezkazgan,0,KZ,1566749523,20,47.8,67.71,76.37,6.73
brae,66,GB,1566749523,82,60.4,-1.35,62.6,13.87
juneau,75,US,1566749523,93,58.3,-134.42,53.6,8.05
johnston,20,US,1566749451,77,41.67,-93.7,70.0,8.05
ulladulla,90,AU,1566749524,100,-35.36,150.48,50.0,5.82
vostok,47,RU,1566749524,95,46.45,135.83,49.73,2.26
high level,75,CA,1566749524,82,58.52,-117.13,55.4,4.7
mayo,20,CA,1566749524,86,63.59,-135.9,33.8,2.39
olinda,20,AU,1566749525,86,-37.84,145.39,46.99,4.7
pallisa,25,UG,1566749525,64,1.17,33.71,79.61,4.05
sorland,75,NO,1566749525,87,67.67,12.69,57.2,9.17
bathsheba,40,BB,1566749525,66,13.22,-59.52,87.8,17.22
port blair,100,IN,1566749526,82,11.67,92.75,81.41,22.15
bubaque,100,GW,1566749526,83,11.28,-15.83,79.61,18.01
christchurch,33,NZ,1566749347,70,-43.53,172.64,50.0,2.24
feijo,90,EC,1566749526,88,-3.63,-79.92,89.6,4.79
adrar,40,DZ,1566749526,8,27.87,-0.29,113.0,11.41
pochutla,20,MX,1566749527,62,15.74,-96.47,89.01,3.09
dalvik,0,SE,1566749527,41,57.79,14.13,80.01,6.93
grand gaube,75,MU,1566749527,94,-20.01,57.66,69.8,12.75
oranjemund,0,ZA,1566749527,66,-28.55,16.43,60.35,15.39
kununurra,33,AU,1566749528,77,-15.77,128.74,62.6,2.42
paredon,0,BO,1566749528,41,-18.93,-65.16,60.8,10.29
alta floresta,31,BR,1566749528,25,-9.87,-56.08,97.79,5.84
yeppoon,0,AU,1566749528,93,-23.13,150.74,55.4,0.43
dunedin,100,NZ,1566749298,70,-45.87,170.5,50.0,10.0
hay river,75,CA,1566749529,100,60.82,-115.79,51.8,5.82
la cruz,67,MX,1566749529,77,23.92,-106.89,82.13,1.74
jinka,82,ET,1566749529,82,5.79,36.57,71.87,3.15
pitimbu,75,BR,1566749529,74,-7.47,-34.81,80.6,16.11
lompoc,1,US,1566749530,77,34.64,-120.46,68.0,4.72
te anau,100,NZ,1566749530,86,-45.41,167.72,41.63,4.61
luanda,11,AO,1566749530,78,-8.83,13.24,75.2,8.05
victoria,75,BN,1566749530,83,5.28,115.24,80.6,8.55
nanortalik,0,GL,1566749530,60,60.14,-45.24,45.41,7.54
kodiak,90,US,1566749531,93,39.95,-94.76,66.2,9.17
ribeira grande,75,PT,1566749531,64,38.52,-28.7,75.2,6.93
faanui,5,PF,1566749531,69,-16.48,-151.75,77.45,7.78
baruun-urt,100,MN,1566749531,73,46.68,113.28,58.37,6.31
mount gambier,40,AU,1566749532,93,-37.83,140.78,39.2,8.05
altay,0,CN,1566749532,55,47.83,88.13,50.63,5.59
georgetown,40,GY,1566749532,74,6.8,-58.16,86.0,9.17
banda aceh,100,ID,1566749532,72,5.56,95.32,83.39,22.48
kasongo-lunda,84,CD,1566749533,35,-6.48,16.82,85.91,3.29
katherine,98,AU,1566749533,51,-14.47,132.26,62.6,4.7
batangafo,100,CF,1566749533,87,7.3,18.29,73.13,2.89
bodaybo,72,RU,1566749533,89,57.85,114.2,56.03,2.06
hanna,13,CA,1566749533,83,51.64,-111.93,55.99,5.01
warrnambool,6,AU,1566749502,97,-38.38,142.48,44.01,1.99
san juan,0,AR,1566749534,19,-31.54,-68.53,60.53,3.94
esperance,0,AU,1566749534,81,-33.86,121.89,44.6,8.05
talnakh,40,RU,1566749534,87,69.49,88.39,57.2,4.47
along,2,IN,1566749535,92,28.17,94.8,61.61,5.28
port hawkesbury,75,CA,1566749491,60,45.62,-61.36,70.0,6.93
batesville,90,US,1566749535,88,35.77,-91.64,80.01,3.36
broken hill,0,AU,1566749535,48,-31.97,141.45,44.6,8.05
north bend,1,US,1566749536,82,43.41,-124.22,59.0,18.48
zhenlai,40,CN,1566749537,72,45.84,123.2,64.0,1.01
pisco,90,PE,1566749537,30,-13.71,-76.2,71.6,4.7
huatulco,20,MX,1566749537,62,15.84,-96.33,89.01,3.09
rovaniemi,75,FI,1566749537,93,66.5,25.72,53.6,10.29
kaitangata,100,NZ,1566749537,87,-46.28,169.85,44.01,1.01
batagay-alyta,68,RU,1566749527,90,67.8,130.41,40.37,1.12
kidal,100,ML,1566749538,48,18.44,1.41,86.27,8.93
richards bay,0,ZA,1566749538,71,-28.77,32.06,73.67,3.78
inuvik,40,CA,1566749538,75,68.36,-133.71,44.6,4.7
jizan,40,SA,1566749539,63,16.89,42.56,93.2,9.17
butaritari,68,KI,1566749539,74,3.07,172.79,84.65,11.61
verkhnetulomskiy,0,RU,1566749539,70,68.61,31.8,48.2,8.95
matamba,32,TZ,1566749539,67,-8.97,33.96,63.59,7.2
iskateley,100,RU,1566749540,84,67.68,53.15,42.17,10.4
samaro,4,PK,1566749540,53,25.28,69.4,90.05,15.3
businga,100,CD,1566749540,93,3.34,20.89,72.41,6.58
ambilobe,9,MG,1566749541,65,-13.19,49.05,77.63,6.58
coquimbo,0,CL,1566749310,72,-29.95,-71.34,59.0,8.05
basco,75,US,1566749541,68,40.33,-91.2,71.01,10.29
nemuro,100,JP,1566749541,88,43.32,145.57,57.47,4.65
grand-santi,0,GF,1566749542,47,4.27,-54.38,90.59,4.21
terrace,75,CA,1566749542,93,54.52,-128.61,51.8,5.82
say,75,NE,1566749542,52,13.1,2.36,87.8,11.41
nome,75,US,1566749542,74,30.04,-94.42,90.0,4.7
atoyac,40,MX,1566749542,79,18.92,-96.78,89.01,2.46
yar-sale,100,RU,1566749543,71,66.83,70.83,45.59,15.61
waddan,0,LY,1566749543,15,29.16,16.14,97.25,12.68
alakurtti,100,RU,1566749543,90,66.96,30.34,51.01,7.0
puerto lleras,20,CO,1566749543,36,8.16,-72.46,91.4,20.8
kaniama,91,CD,1566749544,21,-7.57,24.18,90.05,7.25
mana,100,NG,1566749544,72,13.03,5.27,79.79,2.59
alice springs,0,AU,1566749544,57,-23.7,133.88,48.2,12.21
valparaiso,1,US,1566749263,56,41.47,-87.06,75.0,9.17
tomatlan,95,MX,1566749545,72,19.93,-105.25,82.67,5.26
lagoa,0,PT,1566749545,54,37.14,-8.45,84.0,12.75
tulum,40,MX,1566749545,70,20.21,-87.46,90.0,9.17
betong,100,MY,1566749311,98,5.77,101.07,69.53,2.21
bereda,0,ES,1566749545,69,43.27,-7.54,73.4,8.05
erenhot,90,CN,1566749546,39,43.65,111.97,75.47,22.01
constitucion,90,MX,1566749546,100,23.99,-104.67,68.0,3.36
arman,29,RU,1566749546,96,59.7,150.17,43.61,0.18
sao gabriel da cachoeira,1,BR,1566749546,63,-0.13,-67.09,86.99,2.77
desenzano del garda,0,IT,1566749547,43,45.47,10.54,87.8,8.05
urengoy,100,RU,1566749547,93,65.96,78.37,48.47,15.28
saint-georges,0,CA,1566749547,57,46.12,-70.67,70.0,1.01
phalaborwa,0,ZA,1566749547,22,-23.95,31.14,80.6,9.17
haicheng,66,CN,1566749548,88,40.85,122.74,68.81,10.02
karaidel,2,RU,1566749548,89,55.83,56.91,57.65,10.87
cayenne,0,GF,1566749548,52,4.94,-52.33,91.4,9.17
oga,75,IT,1566749548,63,46.46,10.35,75.0,3.36
dondo,20,MZ,1566749548,50,-19.62,34.74,77.0,11.41
geraldton,40,CA,1566749549,68,49.72,-86.95,66.2,9.17
nokaneng,0,BW,1566749549,8,-19.66,22.19,84.11,6.78
lagunas,0,PE,1566749549,51,-5.23,-75.68,88.97,2.37
puerto leguizamo,100,CO,1566749549,84,-0.19,-74.78,75.65,0.72
ulkan,100,RU,1566749551,98,57.24,107.32,52.43,6.17
flinders,90,AU,1566749551,100,-34.58,150.85,57.0,5.82
menongue,23,AO,1566749551,6,-14.66,17.68,84.11,6.13
poum,20,MK,1566749552,39,41.28,20.71,84.2,2.24
mapiri,84,BO,1566749552,70,-15.31,-68.22,56.39,4.88
ayagoz,0,KZ,1566749552,44,47.96,80.43,65.21,12.55
kapit,100,MY,1566749552,96,2.02,112.94,73.85,0.51
nuuk,20,GL,1566749553,66,64.17,-51.74,51.01,6.93
comodoro rivadavia,0,AR,1566749553,46,-45.87,-67.48,53.6,8.05
mar del plata,0,AR,1566749553,50,-46.43,-67.52,47.03,12.73
elizabeth city,90,US,1566749499,73,36.3,-76.22,75.99,13.87
jumla,100,NP,1566749554,93,29.28,82.18,55.31,2.8
praia da vitoria,75,PT,1566749554,73,38.73,-27.07,71.6,16.22
placido de castro,100,BR,1566749554,47,-10.34,-67.19,86.45,1.39
wanning,90,AT,1566749554,57,48.64,13.53,84.0,3.36
maningrida,72,AU,1566749555,79,-12.05,134.23,65.39,6.93
pinyug,48,RU,1566749555,84,60.25,47.79,53.51,8.97
los zacatones,75,MX,1566749555,77,22.95,-102.05,66.2,3.24
rio grande,20,BR,1566749555,64,-32.03,-52.1,68.0,23.04
srednekolymsk,44,RU,1566749555,71,67.46,153.71,51.17,8.55
sale,0,AU,1566749556,89,-38.11,147.06,38.57,4.54
lorengau,100,PG,1566749556,83,-2.02,147.27,78.89,7.16
saint george,20,GR,1566749556,27,39.45,22.34,91.4,8.05
zlitan,0,LY,1566749556,57,32.47,14.57,84.65,16.31
hami,74,CN,1566749557,16,42.84,93.51,79.43,8.63
san quintin,100,PH,1566749557,92,17.54,120.52,76.55,3.18
gold coast,11,AU,1566749489,90,-28.0,153.41,59.0,1.81
great falls,75,US,1566749557,51,47.5,-111.29,61.0,4.7
galveston,1,US,1566749557,60,40.58,-86.19,73.99,11.41
polunochnoye,100,RU,1566749558,99,60.87,60.43,49.73,3.65
padang,54,ID,1566749558,82,-0.92,100.36,80.15,17.49
haimen,65,CN,1566749558,93,31.87,121.18,86.0,10.11
san buenaventura,40,MX,1566749558,40,27.06,-101.55,87.8,2.44
dvinskoy,86,RU,1566749558,84,62.16,45.12,52.25,6.6
urucara,0,BR,1566749559,37,-2.54,-57.76,94.73,5.01
tolaga bay,0,NZ,1566749559,82,-38.37,178.3,45.95,6.85
brindisi,20,IT,1566749560,83,40.63,17.94,89.6,12.75
la maddalena,20,IT,1566749560,65,39.15,9.02,86.0,12.75
tarcau,100,RO,1566749560,53,46.87,26.13,84.0,5.01
sao joao da barra,75,BR,1566749560,64,-21.64,-41.05,73.4,11.41
alofi,100,NU,1566749561,94,-19.06,-169.92,69.8,14.99
impfondo,100,CD,1566749561,92,1.62,18.06,73.49,1.03
mildura,0,AU,1566749561,70,-34.18,142.16,42.8,5.82
amarante do maranhao,10,BR,1566749561,28,-5.57,-46.74,93.65,9.95
kathu,0,ZA,1566749561,13,-27.7,23.05,75.0,11.99
mandalgovi,28,MN,1566749562,54,45.76,106.27,55.31,8.68
gravdal,0,NO,1566749562,68,59.79,5.78,72.0,13.87
bowen,75,AU,1566749562,100,-20.01,148.25,63.0,4.7
arlit,5,NE,1566749562,38,18.74,7.39,92.21,3.85
manaure,75,CO,1566749563,52,11.78,-72.45,93.2,13.87
ostrovnoy,89,RU,1566749563,68,68.05,39.51,44.87,3.96
scarborough,0,GB,1566749563,44,54.28,-0.41,84.2,10.29
trelew,0,AR,1566749386,39,-43.25,-65.31,53.51,16.64
axim,100,GH,1566749563,83,4.87,-2.24,77.45,12.64
aklavik,75,CA,1566749564,81,68.22,-135.01,44.6,2.73
evensk,98,RU,1566749564,97,61.92,159.24,49.37,7.56
port-cartier,40,CA,1566749564,59,50.03,-66.88,66.2,6.93
sroda wielkopolska,0,PL,1566749565,34,52.23,17.28,87.01,10.29
narasannapeta,100,IN,1566749565,86,18.42,84.04,81.05,2.51
sur,37,OM,1566749565,51,22.57,59.53,87.17,1.74
aksarka,1,RU,1566749565,71,66.56,67.8,43.25,6.08
khani,75,GE,1566749565,78,41.96,42.96,78.8,10.29
minab,20,IR,1566749566,71,27.15,57.07,95.0,6.93
kavaratti,100,IN,1566749566,77,10.57,72.64,82.13,19.84
celestun,69,MX,1566749566,78,20.87,-90.4,80.87,9.78
chapais,1,CA,1566749566,52,49.78,-74.86,69.8,5.82
itarema,14,BR,1566749567,39,-2.92,-39.92,92.39,14.63
barcelona,0,ES,1566749489,65,41.38,2.18,89.01,9.17
coihaique,75,CL,1566749567,70,-45.58,-72.07,44.6,4.7
escanaba,75,US,1566749568,64,45.75,-87.06,71.01,8.05
saint-augustin,20,CA,1566749568,52,45.63,-73.98,73.99,8.05
bambous virieux,75,MU,1566749569,94,-20.34,57.76,69.8,12.75
tondano,40,ID,1566749569,83,1.3,124.91,75.2,6.15
manta,100,RO,1566749569,38,45.1,24.1,84.29,9.78
margate,20,AU,1566749570,75,-43.03,147.26,46.0,8.05
okhotsk,0,RU,1566749570,92,59.36,143.24,47.57,6.08
bojnurd,0,IR,1566749515,20,37.47,57.33,82.4,11.41
yomou,76,GN,1566749570,85,7.57,-9.26,79.97,4.43
sao filipe,64,CV,1566749571,82,14.9,-24.5,79.61,12.19
havelock,90,US,1566749571,69,34.88,-76.9,79.0,12.75
sibolga,99,ID,1566749571,67,1.74,98.78,83.03,4.23
labuhan,96,ID,1566749572,90,-2.54,115.51,74.75,1.36
houston,75,US,1566748943,62,29.76,-95.37,90.0,3.6
ketchikan,90,US,1566749572,93,55.34,-131.65,55.4,8.05
navirai,0,BR,1566749572,42,-23.07,-54.19,75.83,12.91
luwuk,59,ID,1566749572,88,-0.95,122.79,58.91,3.27
valkeakoski,0,FI,1566749573,56,61.26,24.03,68.0,11.41
perdoes,0,BR,1566749343,47,-21.09,-45.09,72.59,7.2
vanimo,100,PG,1566749573,75,-2.67,141.3,83.03,8.39
ngunguru,0,NZ,1566749573,94,-35.62,174.5,48.99,5.01
seoul,1,KR,1566749386,100,37.57,126.98,75.2,1.12
concepcion del oro,100,MX,1566749574,62,24.63,-101.42,67.37,3.89
sistranda,75,NO,1566749574,93,63.73,8.83,59.0,8.05
diyarb najm,0,EG,1566749574,30,30.75,31.44,95.0,6.93
cidreira,100,BR,1566749574,57,-30.17,-50.22,65.39,20.2
santa cruz de la palma,0,ES,1566749574,61,28.68,-17.76,82.4,13.87
fortuna,1,US,1566749575,100,40.6,-124.16,62.01,3.36
tarsus,0,TR,1566749575,66,36.92,34.88,90.0,9.17
kasongo,75,CD,1566749575,27,-4.43,26.67,92.57,5.06
dafeng,100,CN,1566749576,87,33.2,120.46,77.81,10.54
arenapolis,80,BR,1566749576,32,-14.45,-56.85,87.35,7.4
todos santos,20,MX,1566749576,55,23.45,-110.23,89.01,5.82
pakokku,71,MM,1566749577,76,21.33,95.09,83.03,5.23
yumen,93,CN,1566749577,20,40.29,97.04,76.55,27.02
palu,60,ID,1566749577,92,-0.9,119.87,73.85,3.89
ulaangom,0,MN,1566749578,52,49.98,92.07,54.23,1.81
bilma,4,NE,1566749578,32,18.69,12.92,94.73,3.49
sinnamary,0,GF,1566749578,70,5.38,-52.96,83.75,12.26
touros,40,BR,1566749578,66,-5.2,-35.46,84.2,17.22
biltine,100,TD,1566749579,67,14.53,20.93,80.69,12.5
springdale,90,US,1566749499,83,36.19,-94.13,80.01,11.41
camacha,40,PT,1566749579,64,33.08,-16.33,77.0,16.11
nautla,100,MX,1566749580,83,20.22,-96.78,83.39,4.9
elat,100,CM,1566749580,91,2.91,11.16,73.49,4.76
ahipara,90,NZ,1566749580,100,-35.17,173.16,53.01,22.7
chicama,90,PE,1566749580,88,-7.84,-79.15,62.6,8.05
tanakpur,64,IN,1566749580,77,29.07,80.11,81.23,3.62
petropavlovsk-kamchatskiy,90,RU,1566749581,100,53.05,158.65,48.2,4.47
carmo do rio claro,0,BR,1566749581,52,-20.97,-46.12,70.97,8.08
usinsk,100,RU,1566749581,68,66.0,57.56,45.41,15.68
penzance,37,GB,1566749581,88,50.12,-5.53,66.99,8.05
terre-de-bas,75,GP,1566749582,55,15.85,-61.64,89.6,13.87
pacific grove,90,US,1566749582,82,36.62,-121.92,70.0,6.17
kurilsk,100,RU,1566749582,90,45.23,147.88,53.15,8.48
lata,96,IN,1566749582,99,30.78,78.62,45.95,3.15
deputatskiy,96,RU,1566749583,91,69.3,139.9,48.65,3.09
ansalta,53,RU,1566749583,74,42.69,46.12,71.51,3.11
brattleboro,20,US,1566749583,48,42.85,-72.56,72.0,5.82
fort nelson,75,CA,1566749583,82,58.81,-122.69,55.4,2.24
ati,100,TD,1566749584,68,13.21,18.34,78.89,7.11
barcelos,0,BR,1566749584,49,-0.97,-62.93,91.13,4.21
jacqueville,75,CI,1566749584,83,5.21,-4.42,80.6,11.41
damaturu,94,NG,1566749584,58,11.75,11.96,84.29,9.62
eyl,53,SO,1566749585,36,7.98,49.82,91.49,15.48
port macquarie,75,AU,1566749585,87,-31.43,152.91,59.0,2.62
chifeng,99,CN,1566749585,75,42.27,118.96,63.23,7.36
waingapu,30,ID,1566749585,84,-9.65,120.26,64.85,6.26
puerto narino,40,CO,1566749586,78,-3.77,-70.38,82.4,2.24
meulaboh,100,ID,1566749586,66,4.14,96.13,82.49,3.06
kimbe,100,PG,1566749586,89,-5.56,150.15,74.75,3.67
laurel,40,US,1566749345,50,39.1,-76.85,75.99,13.87
wattegama,70,LK,1566749586,87,7.35,80.68,73.31,4.63
dir,89,CM,1566749587,89,6.33,13.54,73.13,4.68
kenitra,40,MA,1566749587,73,34.26,-6.57,79.0,11.41
wynyard,14,AU,1566749587,82,-40.99,145.73,42.01,1.01
ambagarh chauki,100,IN,1566749588,96,20.78,80.75,73.85,8.37
pangobilian,100,PH,1566749588,80,8.8,117.86,81.95,9.22
camabatela,100,AO,1566749588,19,-8.19,15.37,91.85,2.37
luganville,75,VU,1566749589,69,-15.51,167.18,75.2,9.17
batelov,0,CZ,1566749589,50,49.31,15.4,79.0,5.82
tairua,100,NZ,1566749589,95,-37.02,175.85,54.0,9.71
ugoofaaru,100,MV,1566749589,78,5.67,73.0,82.31,11.61
lanzhou,40,CN,1566749590,100,36.06,103.82,66.2,2.24
kalemie,11,CD,1566749590,42,-5.95,29.2,78.17,8.81
muisne,20,EC,1566749590,78,0.61,-80.02,80.6,9.17
nelson bay,75,AU,1566749590,93,-32.72,152.14,60.01,4.7
sisimiut,37,GL,1566749591,74,66.94,-53.67,41.99,14.34
saryozek,0,KZ,1566749591,24,44.36,77.98,72.77,11.74
moses lake,1,US,1566749591,34,47.13,-119.28,69.01,6.93
noumea,90,NC,1566749591,72,-22.28,166.46,71.01,15.93
ilo,100,PE,1566749592,85,-17.65,-71.34,56.75,7.94
sobolevo,45,RU,1566749592,69,54.43,31.9,68.63,4.32
yakima,1,US,1566749472,40,46.6,-120.51,72.0,12.75
anadyr,0,RU,1566749592,87,64.73,177.51,53.6,2.24
trairi,0,BR,1566749592,34,-3.28,-39.27,91.85,12.37
songjianghe,84,CN,1566749593,96,42.18,127.48,57.11,2.39
nhulunbuy,99,AU,1566749593,88,-12.18,136.78,68.0,4.7
saint-joseph,0,FR,1566749593,54,43.56,6.97,89.6,5.82
half moon bay,90,US,1566749593,88,37.46,-122.43,70.0,3.36
tura,100,RU,1566749593,65,64.27,100.22,57.65,4.97
bone,40,DE,1566749594,33,51.97,12.14,91.99,13.87
shimoda,63,JP,1566749594,90,34.7,138.93,75.0,6.06
amapa,75,HN,1566749595,59,15.09,-87.97,89.6,3.36
ribeira brava,20,PT,1566749595,61,32.65,-17.07,79.0,27.51
elko,0,US,1566749596,37,40.83,-115.76,81.0,8.01
shambu,56,ET,1566749596,95,9.57,37.1,62.33,2.26
san andres,61,PH,1566749534,92,13.32,122.68,78.53,5.48
yulara,53,AU,1566749596,47,-25.24,130.99,57.2,8.05
ponta delgada,75,PT,1566749442,83,37.73,-25.67,71.6,10.29
sao joao do piaui,10,BR,1566749317,30,-8.36,-42.25,89.69,11.52
kargasok,0,RU,1566749597,79,59.06,80.87,51.53,4.59
houma,100,CN,1566749597,73,35.63,111.36,74.93,6.35
juba,40,EE,1566749598,46,57.82,26.93,72.0,5.82
mackay,40,CA,1566749598,76,53.65,-115.58,51.8,4.7
harper,1,US,1566749598,78,30.3,-99.24,84.99,9.17
daru,33,PG,1566749598,88,-9.07,143.21,69.89,5.61
belyy yar,40,RU,1566749599,82,53.6,91.39,62.6,11.18
manono,82,CD,1566749599,24,-7.3,27.4,91.31,1.81
cavalcante,0,BR,1566749599,28,-13.79,-47.46,79.97,13.06
samarai,100,PG,1566749599,95,-10.62,150.67,72.23,4.25
black river,20,JM,1566749600,70,18.03,-77.85,87.8,12.75
tarko-sale,100,RU,1566749600,89,64.92,77.78,48.99,4.0
vila,20,IT,1566749601,42,45.18,8.4,91.99,8.05
chulym,0,RU,1566749601,72,55.09,80.97,56.93,4.47
senneterre,75,CA,1566749601,53,48.39,-77.24,71.6,8.05
laguna,40,BZ,1566749601,79,16.17,-88.94,87.8,4.7
the valley,20,AI,1566749602,66,18.22,-63.06,87.8,16.11
klaksvik,100,FO,1566749602,93,62.23,-6.59,51.8,16.11
santiago del estero,100,AR,1566749493,38,-27.8,-64.26,74.39,5.95
walvis bay,0,NA,1566749602,61,-22.95,14.51,71.01,8.01
verkhoyansk,94,RU,1566749602,68,67.55,133.39,52.07,4.76
tigil,100,RU,1566749603,79,57.8,158.67,50.99,5.08
aleksandrovskiy zavod,100,RU,1566749603,91,50.92,117.94,53.15,1.99
xining,100,CN,1566749603,84,36.62,101.77,55.49,4.85
itinga,1,BR,1566749604,42,-16.61,-41.77,79.07,7.07
dhidhdhoo,100,MV,1566749605,77,6.88,73.1,82.49,13.65
pinega,95,RU,1566749605,82,64.7,43.39,50.99,1.57
genhe,0,CN,1566749605,92,50.78,121.52,51.35,2.37
portland,1,US,1566749175,52,43.66,-70.25,71.01,5.82
kibre mengist,24,ET,1566749606,80,5.87,38.99,60.17,2.17
solec kujawski,0,PL,1566749606,32,53.08,18.22,84.99,14.99
snasa,40,NO,1566749606,72,64.25,12.38,59.0,12.75
buique,40,BR,1566749606,36,-8.62,-37.16,86.99,18.59
myitkyina,0,MM,1566749607,86,25.38,97.4,76.37,3.31
avera,75,US,1566749607,69,33.19,-82.53,78.8,9.17
atambua,30,ID,1566749607,77,-9.11,124.89,74.03,10.65
pevek,100,RU,1566749608,64,69.7,170.27,47.03,7.67
magadan,69,RU,1566749608,92,59.56,150.8,50.63,4.99
sola,89,TZ,1566749608,23,-3.17,33.8,83.57,6.89
conde,100,BR,1566749608,79,-11.81,-37.61,75.11,5.66
iquitos,75,PE,1566749609,74,-3.75,-73.25,82.4,2.24
aykhal,0,RU,1566749609,51,65.95,111.51,59.0,4.47
taoudenni,65,ML,1566749609,16,22.68,-3.98,107.69,12.53
santa lucia,20,IT,1566749610,74,41.98,12.66,88.0,3.36
hovd,75,NO,1566749610,93,63.83,10.7,62.6,8.05
paita,0,PE,1566749610,290,-5.09,-81.11,62.6,12.75
caramutan,75,PH,1566749610,100,15.45,120.72,75.2,4.7
gari,91,RU,1566749611,97,59.43,62.35,54.23,5.35
lhokseumawe,100,ID,1566749611,82,5.18,97.15,71.51,2.24
bria,100,CF,1566749611,97,6.54,21.99,68.99,3.38
sri aman,100,MY,1566749611,94,1.24,111.46,77.0,2.24
murillo,75,CO,1566749612,40,4.87,-75.17,86.0,10.29
aripuana,45,BR,1566749612,32,-9.17,-60.63,99.05,2.57
upata,19,VE,1566749613,68,8.02,-62.41,88.0,3.0
izumo,20,JP,1566749613,94,35.37,132.75,71.6,6.93
bombay,1,US,1566749613,53,44.94,-74.57,73.99,9.17
leh,0,IN,1566749613,27,34.16,77.58,53.69,6.55
iwanai,10,JP,1566749614,95,42.97,140.51,52.97,1.5
kalmunai,84,LK,1566749614,68,7.42,81.82,79.61,1.28
yangjiang,100,CN,1566749614,91,21.85,111.96,79.97,2.73
